460203600	460203607	ANAシステムズ株式会社
3403677696	3403681791	ANAシステムズ株式会社
3404398592	3404400639	AT&Tジャパン株式会社
3404400640	3404402687	AT&Tジャパン株式会社
3404406784	3404410879	AT&Tジャパン株式会社
3404410880	3404414975	AT&Tジャパン株式会社
3415035904	3415037951	AT&Tジャパン株式会社
3415037952	3415039999	AT&Tジャパン株式会社
3528996864	3528998911	AT&Tジャパン株式会社
3528997120	3528997375	AT&Tジャパン株式会社
3528998144	3528998399	AT&Tジャパン株式会社
3528998400	3528998655	AT&Tジャパン株式会社
3528998656	3528998911	AT&Tジャパン株式会社
3529030656	3529031679	AT&Tジャパン株式会社
3529030656	3529030911	AT&Tジャパン株式会社
3529030912	3529031167	AT&Tジャパン株式会社
3529031168	3529031423	AT&Tジャパン株式会社
3529031424	3529031679	AT&Tジャパン株式会社
3529042432	3529042943	AT&Tジャパン株式会社
3529042432	3529042687	AT&Tジャパン株式会社
3529042688	3529042943	AT&Tジャパン株式会社
3529048064	3529056255	AT&Tジャパン株式会社
3529048064	3529048319	AT&Tジャパン株式会社
3529048320	3529048575	AT&Tジャパン株式会社
3529048576	3529048831	AT&Tジャパン株式会社
3529048832	3529049087	AT&Tジャパン株式会社
3529049088	3529049343	AT&Tジャパン株式会社
3529049344	3529049599	AT&Tジャパン株式会社
3529049600	3529049855	AT&Tジャパン株式会社
3529049856	3529050111	AT&Tジャパン株式会社
3529050112	3529050367	AT&Tジャパン株式会社
3529050368	3529050623	AT&Tジャパン株式会社
3529050624	3529050879	AT&Tジャパン株式会社
3529050880	3529051135	AT&Tジャパン株式会社
3529051136	3529051391	AT&Tジャパン株式会社
3529051392	3529051647	AT&Tジャパン株式会社
3529051648	3529051903	AT&Tジャパン株式会社
3529051904	3529052159	AT&Tジャパン株式会社
3529074176	3529074687	AT&Tジャパン株式会社
3529074432	3529074687	AT&Tジャパン株式会社
1697776640	1697777663	BAN-BANネットワークス株式会社
1697776640	1697777663	BAN-BANネットワークス株式会社
1732451328	1732452351	BAN-BANネットワークス株式会社
1732451328	1732452351	BAN-BANネットワークス株式会社
2006214656	2006216703	BAN-BANネットワークス株式会社
2006214656	2006216703	BAN-BANネットワークス株式会社
3389575168	3389579263	BAN-BANネットワークス株式会社
3389575168	3389579263	BAN-BANネットワークス株式会社
3403173888	3403177983	BAN-BANネットワークス株式会社
3403173888	3403177727	BAN-BANネットワークス株式会社
3403177728	3403177983	BAN-BANネットワークス株式会社
3403177856	3403177983	BAN-BANネットワークス株式会社
3403619328	3403620351	BAN-BANネットワークス株式会社
3403619328	3403620351	BAN-BANネットワークス株式会社
1741396992	1741398015	BBIXインターナショナル株式会社
3419980448	3419980455	BBIXインターナショナル株式会社
3540911468	3540911471	BBIXインターナショナル株式会社
1734361088	1734362111	BGPNAP
1734361088	1734361343	BGPNAP
1734361344	1734361599	BGPNAP
1734361600	1734361855	BGPNAP
1734361856	1734362111	BGPNAP
1734362048	1734362079	BGPNAP
1734362080	1734362111	BGPNAP
3403626496	3403627519	BGPNAP
3403626496	3403626751	BGPNAP
3403626752	3403627007	BGPNAP
3403627008	3403627263	BGPNAP
3403627264	3403627519	BGPNAP
1741128704	1741129727	BRクラウド株式会社
1741128704	1741128959	BRクラウド株式会社
1741128960	1741129215	BRクラウド株式会社
837607424	837609471	EditNet株式会社
837607424	837608447	EditNet株式会社
837608960	837609215	EditNet株式会社
837609216	837609471	EditNet株式会社
3415308288	3415310335	EditNet株式会社
3415308288	3415308543	EditNet株式会社
3415308288	3415308543	EditNet株式会社
3415308544	3415308799	EditNet株式会社
3415308544	3415308799	EditNet株式会社
3415308800	3415309055	EditNet株式会社
3415309056	3415309311	EditNet株式会社
3415309312	3415309567	EditNet株式会社
3415309568	3415309823	EditNet株式会社
3415309824	3415310079	EditNet株式会社
3415310080	3415310335	EditNet株式会社
3671822336	3671824383	EditNet株式会社
3671824384	3671825407	EditNet株式会社
3671824384	3671824639	EditNet株式会社
3671824640	3671824895	EditNet株式会社
3671824896	3671825151	EditNet株式会社
3671825152	3671825407	EditNet株式会社
3671825408	3671826431	EditNet株式会社
1743920128	1743921151	GMOデジロック株式会社
1743920128	1743920383	GMOデジロック株式会社
1743920384	1743920639	GMOデジロック株式会社
1743920640	1743920895	GMOデジロック株式会社
1743920896	1743921151	GMOデジロック株式会社
2012607312	2012607315	GMOデジロック株式会社
2012607324	2012607327	GMOデジロック株式会社
3076173824	3076175871	GMOデジロック株式会社
3076173824	3076174079	GMOデジロック株式会社
3076174080	3076174335	GMOデジロック株式会社
3076174336	3076174591	GMOデジロック株式会社
3076174592	3076174847	GMOデジロック株式会社
3076174848	3076175103	GMOデジロック株式会社
3076175104	3076175359	GMOデジロック株式会社
3076175360	3076175615	GMOデジロック株式会社
3076175616	3076175871	GMOデジロック株式会社
3400275968	3400278015	GMOデジロック株式会社
3538526208	3538527231	Knet株式会社
3538527232	3538528255	Knet株式会社
3538528256	3538530303	Knet株式会社
3538529776	3538529791	Knet株式会社
3538530304	3538532351	Knet株式会社
3538530560	3538530815	Knet株式会社
3538532352	3538534399	Knet株式会社
3397261312	3397261343	Kビジョン株式会社
3397261312	3397261567	Kビジョン株式会社
3397261312	3397263359	Kビジョン株式会社
3397261568	3397261823	Kビジョン株式会社
3397261824	3397262335	Kビジョン株式会社
3397262336	3397262847	Kビジョン株式会社
3397262848	3397263359	Kビジョン株式会社
1728191488	1728191743	LINE株式会社
1728192000	1728192511	LINE株式会社
2011947008	2011947263	LINE株式会社
2011949056	2011949311	LINE株式会社
2011949824	2011949951	LINE株式会社
2011949824	2011950079	LINE株式会社
2011949824	2011950591	LINE株式会社
2011949952	2011950079	LINE株式会社
2011950080	2011950111	LINE株式会社
2011950080	2011950335	LINE株式会社
2011950112	2011950143	LINE株式会社
2011950144	2011950207	LINE株式会社
2011950208	2011950335	LINE株式会社
2011950336	2011950591	LINE株式会社
2472312832	2472321023	LINE株式会社
2472312832	2472345599	LINE株式会社
2472321024	2472329215	LINE株式会社
2472329216	2472337407	LINE株式会社
2472337408	2472345599	LINE株式会社
3412623360	3412627455	LINE株式会社
3412627456	3412629503	LINE株式会社
3412629504	3412630527	LINE株式会社
3412630528	3412631039	LINE株式会社
3412631040	3412631295	LINE株式会社
1031393280	1031394303	NHNテコラス株式会社
1031393280	1031394047	NHNテコラス株式会社
1031394048	1031394303	NHNテコラス株式会社
1031394304	1031395327	NHNテコラス株式会社
1031394304	1031394559	NHNテコラス株式会社
1031394560	1031394815	NHNテコラス株式会社
1031394816	1031395071	NHNテコラス株式会社
1031395072	1031395327	NHNテコラス株式会社
1031395072	1031395103	NHNテコラス株式会社
1031395136	1031395199	NHNテコラス株式会社
1031395200	1031395263	NHNテコラス株式会社
1031395328	1031396351	NHNテコラス株式会社
1031395328	1031395583	NHNテコラス株式会社
1031395584	1031395839	NHNテコラス株式会社
1031395840	1031396351	NHNテコラス株式会社
1031396352	1031397375	NHNテコラス株式会社
1031396352	1031396607	NHNテコラス株式会社
1031396384	1031396415	NHNテコラス株式会社
1031396416	1031396479	NHNテコラス株式会社
1031396480	1031396607	NHNテコラス株式会社
1031396608	1031397119	NHNテコラス株式会社
1031397120	1031397375	NHNテコラス株式会社
1728191744	1728191999	NHNテコラス株式会社
2011947264	2011947519	NHNテコラス株式会社
2011947520	2011948031	NHNテコラス株式会社
2011948032	2011949055	NHNテコラス株式会社
2011949312	2011949567	NHNテコラス株式会社
2011949568	2011949823	NHNテコラス株式会社
2011950592	2011951103	NHNテコラス株式会社
3389341696	3389345791	NHNテコラス株式会社
3389341696	3389341951	NHNテコラス株式会社
3389341952	3389342207	NHNテコラス株式会社
3389342208	3389342463	NHNテコラス株式会社
3389342464	3389342719	NHNテコラス株式会社
3389342720	3389342975	NHNテコラス株式会社
3389342976	3389343231	NHNテコラス株式会社
3389343232	3389343487	NHNテコラス株式会社
3389343488	3389343743	NHNテコラス株式会社
3389343744	3389343999	NHNテコラス株式会社
3389344000	3389344255	NHNテコラス株式会社
3389344256	3389344511	NHNテコラス株式会社
3389344512	3389344767	NHNテコラス株式会社
3389344768	3389345023	NHNテコラス株式会社
3389345024	3389345279	NHNテコラス株式会社
3389345280	3389345535	NHNテコラス株式会社
3389345536	3389345791	NHNテコラス株式会社
3672051712	3672052223	NHNテコラス株式会社
3672051712	3672052223	NHNテコラス株式会社
3672052224	3672052735	NHNテコラス株式会社
3672052224	3672052479	NHNテコラス株式会社
3672052480	3672052735	NHNテコラス株式会社
3672052736	3672053759	NHNテコラス株式会社
3672052736	3672053247	NHNテコラス株式会社
3672053248	3672053503	NHNテコラス株式会社
3672053504	3672053759	NHNテコラス株式会社
3672053504	3672053631	NHNテコラス株式会社
3672053632	3672053759	NHNテコラス株式会社
3672053760	3672055807	NHNテコラス株式会社
3672053760	3672054015	NHNテコラス株式会社
3672054016	3672054271	NHNテコラス株式会社
3672054272	3672054527	NHNテコラス株式会社
3672054528	3672054783	NHNテコラス株式会社
3672054784	3672055039	NHNテコラス株式会社
3672055040	3672055295	NHNテコラス株式会社
3681406976	3681411071	NHNテコラス株式会社
3681406976	3681407231	NHNテコラス株式会社
3681407232	3681407487	NHNテコラス株式会社
3681407488	3681407743	NHNテコラス株式会社
3681407744	3681407999	NHNテコラス株式会社
3681408000	3681408255	NHNテコラス株式会社
3681408256	3681408511	NHNテコラス株式会社
3681408512	3681408767	NHNテコラス株式会社
3681408768	3681409023	NHNテコラス株式会社
3681409024	3681409279	NHNテコラス株式会社
3681409280	3681409535	NHNテコラス株式会社
3681409536	3681409791	NHNテコラス株式会社
3681409792	3681410047	NHNテコラス株式会社
3681410304	3681410559	NHNテコラス株式会社
3681410560	3681410815	NHNテコラス株式会社
3681410816	3681411071	NHNテコラス株式会社
461857048	461857055	NRIネットコム株式会社
1031438336	1031454719	NRIネットコム株式会社
1036681216	1036697599	NRIネットコム株式会社
1036689408	1036689663	NRIネットコム株式会社
1036689664	1036689919	NRIネットコム株式会社
1036689920	1036690175	NRIネットコム株式会社
1036690176	1036690431	NRIネットコム株式会社
1036690432	1036690687	NRIネットコム株式会社
3392167936	3392168447	NRIネットコム株式会社
3392168448	3392168959	NRIネットコム株式会社
3402807488	3402807503	NRIネットコム株式会社
3402807648	3402807663	NRIネットコム株式会社
3403334912	3403334943	NRIネットコム株式会社
3403334944	3403334975	NRIネットコム株式会社
3403334976	3403335007	NRIネットコム株式会社
3403335008	3403335039	NRIネットコム株式会社
3403335040	3403335071	NRIネットコム株式会社
3403335072	3403335103	NRIネットコム株式会社
3403335104	3403335135	NRIネットコム株式会社
3404106752	3404106783	NRIネットコム株式会社
977346560	977354751	NTTビジネスソリューションズ株式会社
978784256	978788351	NTTビジネスソリューションズ株式会社
1009038592	1009038599	NTTビジネスソリューションズ株式会社
1030840832	1030841087	NTTビジネスソリューションズ株式会社
1030848000	1030848255	NTTビジネスソリューションズ株式会社
1031233024	1031233791	NTTビジネスソリューションズ株式会社
1031783424	1031784191	NTTビジネスソリューションズ株式会社
1037498112	1037498119	NTTビジネスソリューションズ株式会社
1924382720	1924383487	NTTビジネスソリューションズ株式会社
1981162456	1981162463	NTTビジネスソリューションズ株式会社
2037902848	2037904639	NTTビジネスソリューションズ株式会社
2037904640	2037904703	NTTビジネスソリューションズ株式会社
2037904712	2037904719	NTTビジネスソリューションズ株式会社
2037904720	2037904727	NTTビジネスソリューションズ株式会社
2037904728	2037904735	NTTビジネスソリューションズ株式会社
2037904736	2037904767	NTTビジネスソリューションズ株式会社
2037904768	2037904895	NTTビジネスソリューションズ株式会社
2110670848	2110673663	NTTビジネスソリューションズ株式会社
2576085520	2576085527	NTTビジネスソリューションズ株式会社
2576747664	2576747671	NTTビジネスソリューションズ株式会社
2582098960	2582098967	NTTビジネスソリューションズ株式会社
2582117280	2582117287	NTTビジネスソリューションズ株式会社
2582117288	2582117295	NTTビジネスソリューションズ株式会社
3022677320	3022677327	NTTビジネスソリューションズ株式会社
3022677336	3022677343	NTTビジネスソリューションズ株式会社
3022677744	3022677751	NTTビジネスソリューションズ株式会社
3390009344	3390010367	NTTビジネスソリューションズ株式会社
3394756608	3394760703	NTTビジネスソリューションズ株式会社
3394756608	3394757119	NTTビジネスソリューションズ株式会社
3398371328	3398373375	NTTビジネスソリューションズ株式会社
3402855104	3402855111	NTTビジネスソリューションズ株式会社
3402855116	3402855119	NTTビジネスソリューションズ株式会社
3402855120	3402855135	NTTビジネスソリューションズ株式会社
3402855152	3402855167	NTTビジネスソリューションズ株式会社
3405365248	3405373439	NTTビジネスソリューションズ株式会社
3405373440	3405381631	NTTビジネスソリューションズ株式会社
3405376768	3405377023	NTTビジネスソリューションズ株式会社
3405376992	3405377023	NTTビジネスソリューションズ株式会社
3419665716	3419665719	NTTビジネスソリューションズ株式会社
3532648448	3532652543	NTTビジネスソリューションズ株式会社
3532648448	3532648703	NTTビジネスソリューションズ株式会社
3532648704	3532648959	NTTビジネスソリューションズ株式会社
3532648704	3532648767	NTTビジネスソリューションズ株式会社
3532648800	3532648831	NTTビジネスソリューションズ株式会社
3532648832	3532648839	NTTビジネスソリューションズ株式会社
3532648960	3532649215	NTTビジネスソリューションズ株式会社
3532649216	3532649471	NTTビジネスソリューションズ株式会社
3532649472	3532649727	NTTビジネスソリューションズ株式会社
3532649728	3532649983	NTTビジネスソリューションズ株式会社
3532651264	3532651519	NTTビジネスソリューションズ株式会社
3532652032	3532652287	NTTビジネスソリューションズ株式会社
3533343392	3533343423	NTTビジネスソリューションズ株式会社
3533713152	3533713183	NTTビジネスソリューションズ株式会社
3533713248	3533713279	NTTビジネスソリューションズ株式会社
3533714944	3533715199	NTTビジネスソリューションズ株式会社
3533745792	3533745807	NTTビジネスソリューションズ株式会社
3533846416	3533846431	NTTビジネスソリューションズ株式会社
3533911296	3533911423	NTTビジネスソリューションズ株式会社
3534384224	3534384239	NTTビジネスソリューションズ株式会社
3534538744	3534538751	NTTビジネスソリューションズ株式会社
3535697408	3535697663	NTTビジネスソリューションズ株式会社
3538022912	3538023167	NTTビジネスソリューションズ株式会社
3538105856	3538106111	NTTビジネスソリューションズ株式会社
3539514528	3539514535	NTTビジネスソリューションズ株式会社
3540754240	3540754247	NTTビジネスソリューションズ株式会社
3540754248	3540754255	NTTビジネスソリューションズ株式会社
3541105920	3541106687	NTTビジネスソリューションズ株式会社
3547910144	3547914239	NTTビジネスソリューションズ株式会社
3547910912	3547911167	NTTビジネスソリューションズ株式会社
3547911168	3547911423	NTTビジネスソリューションズ株式会社
3547911424	3547911679	NTTビジネスソリューションズ株式会社
3547911680	3547911935	NTTビジネスソリューションズ株式会社
3547911936	3547912191	NTTビジネスソリューションズ株式会社
3547912192	3547912447	NTTビジネスソリューションズ株式会社
3547912448	3547912703	NTTビジネスソリューションズ株式会社
3547912704	3547912959	NTTビジネスソリューションズ株式会社
3547912960	3547913215	NTTビジネスソリューションズ株式会社
3547913216	3547913471	NTTビジネスソリューションズ株式会社
3547913472	3547913727	NTTビジネスソリューションズ株式会社
3547913728	3547913983	NTTビジネスソリューションズ株式会社
3548559616	3548559871	NTTビジネスソリューションズ株式会社
3548559872	3548560127	NTTビジネスソリューションズ株式会社
3548563200	3548563455	NTTビジネスソリューションズ株式会社
3685018880	3685019135	NTTビジネスソリューションズ株式会社
3685090992	3685090999	NTTビジネスソリューションズ株式会社
3698186696	3698186703	NTTビジネスソリューションズ株式会社
3698240424	3698240431	NTTビジネスソリューションズ株式会社
3698248112	3698248119	NTTビジネスソリューションズ株式会社
1701219912	1701219919	SBIトレードウィンテック株式会社
1877691392	1877692415	SBIトレードウィンテック株式会社
1008748784	1008748791	SCSK株式会社
1008750568	1008750575	SCSK株式会社
1008769576	1008769583	SCSK株式会社
1010361168	1010361183	SCSK株式会社
1031762688	1031762703	SCSK株式会社
1031762720	1031762735	SCSK株式会社
1037381632	1037382655	SCSK株式会社
1037382656	1037383679	SCSK株式会社
1037382880	1037382911	SCSK株式会社
1037383528	1037383535	SCSK株式会社
1037383680	1037385727	SCSK株式会社
1037384112	1037384127	SCSK株式会社
1037384192	1037384223	SCSK株式会社
1037384704	1037384719	SCSK株式会社
1037384736	1037384767	SCSK株式会社
1037384768	1037384831	SCSK株式会社
1037384832	1037384863	SCSK株式会社
1037384864	1037384895	SCSK株式会社
1037384896	1037384903	SCSK株式会社
1037384904	1037384911	SCSK株式会社
1037384912	1037384919	SCSK株式会社
1037384920	1037384927	SCSK株式会社
1701719376	1701719391	SCSK株式会社
1848776704	1848778751	SCSK株式会社
1848776704	1848776959	SCSK株式会社
1848776960	1848777215	SCSK株式会社
1848777728	1848777983	SCSK株式会社
1848777984	1848778239	SCSK株式会社
1848777984	1848778047	SCSK株式会社
1848778496	1848778751	SCSK株式会社
1868141560	1868141567	SCSK株式会社
1876769792	1876770815	SCSK株式会社
1923089360	1923089375	SCSK株式会社
1924341920	1924341935	SCSK株式会社
1924343312	1924343319	SCSK株式会社
1924346720	1924346727	SCSK株式会社
1986473808	1986473823	SCSK株式会社
2242248704	2242314239	SCSK株式会社
2576083000	2576083007	SCSK株式会社
2576085448	2576085455	SCSK株式会社
2576748168	2576748175	SCSK株式会社
2576751424	2576751439	SCSK株式会社
2576764728	2576764735	SCSK株式会社
2576771464	2576771471	SCSK株式会社
2576776608	2576776623	SCSK株式会社
2576779024	2576779031	SCSK株式会社
2576781512	2576781519	SCSK株式会社
2582107728	2582107735	SCSK株式会社
2582115944	2582115951	SCSK株式会社
2582118048	2582118063	SCSK株式会社
2582118152	2582118159	SCSK株式会社
3022663720	3022663727	SCSK株式会社
3022673984	3022673999	SCSK株式会社
3022674048	3022674055	SCSK株式会社
3022757648	3022757663	SCSK株式会社
3414949888	3414953983	SCSK株式会社
3414953984	3414958079	SCSK株式会社
3414955288	3414955295	SCSK株式会社
3414955376	3414955383	SCSK株式会社
3414955392	3414955519	SCSK株式会社
3414957664	3414957679	SCSK株式会社
3417513984	3417518079	SCSK株式会社
3417514752	3417515007	SCSK株式会社
3417518080	3417522175	SCSK株式会社
3417518400	3417518407	SCSK株式会社
3417518592	3417518655	SCSK株式会社
3417519872	3417519887	SCSK株式会社
3417519888	3417519903	SCSK株式会社
3417520512	3417520575	SCSK株式会社
3417520720	3417520735	SCSK株式会社
3417521216	3417521279	SCSK株式会社
3533660160	3533664255	SCSK株式会社
3533664256	3533668351	SCSK株式会社
3533755648	3533755775	SCSK株式会社
3533755776	3533755903	SCSK株式会社
3533871744	3533871807	SCSK株式会社
3534118912	3534123007	SCSK株式会社
3534123008	3534125055	SCSK株式会社
3534125056	3534127103	SCSK株式会社
3539582976	3539587071	SCSK株式会社
3539587072	3539591167	SCSK株式会社
3539590144	3539590399	SCSK株式会社
3539590400	3539590655	SCSK株式会社
3539590656	3539590911	SCSK株式会社
3539590912	3539591167	SCSK株式会社
3540500480	3540502527	SCSK株式会社
3540502528	3540504575	SCSK株式会社
3540504576	3540506623	SCSK株式会社
3540506624	3540508671	SCSK株式会社
3673914784	3673914791	SCSK株式会社
3681710856	3681710863	SCSK株式会社
3681934256	3681934263	SCSK株式会社
3698221112	3698221119	SCSK株式会社
3719969936	3719969943	SCSK株式会社
3719989552	3719989559	SCSK株式会社
3734491712	3734491719	SCSK株式会社
3734492744	3734492751	SCSK株式会社
1730804736	1730805759	SORAシム株式会社
2575083520	2575085567	SORAシム株式会社
3680776192	3680777215	SORAシム株式会社
18992312	18992319	TIS株式会社
1002340664	1002340671	TIS株式会社
1036105152	1036105215	TIS株式会社
1036303440	1036303447	TIS株式会社
1036303464	1036303471	TIS株式会社
1036504584	1036504591	TIS株式会社
1036710824	1036710831	TIS株式会社
1036711312	1036711327	TIS株式会社
1701245728	1701245743	TIS株式会社
1848790016	1848790143	TIS株式会社
1986478720	1986478727	TIS株式会社
1986484736	1986484991	TIS株式会社
1995312080	1995312095	TIS株式会社
2035287920	2035287935	TIS株式会社
2035542736	2035542743	TIS株式会社
2241658880	2241724415	TIS株式会社
2519728128	2519793663	TIS株式会社
2576751616	2576751623	TIS株式会社
2576751840	2576751855	TIS株式会社
2576773376	2576773391	TIS株式会社
2576782056	2576782063	TIS株式会社
2576783864	2576783871	TIS株式会社
3022673240	3022673247	TIS株式会社
3022765080	3022765087	TIS株式会社
3224579328	3224579583	TIS株式会社
3224579584	3224579839	TIS株式会社
3224579840	3224580095	TIS株式会社
3390536704	3390537727	TIS株式会社
3390726144	3390730239	TIS株式会社
3414970224	3414970231	TIS株式会社
3532103680	3532107775	TIS株式会社
3532103680	3532103935	TIS株式会社
3532103936	3532104191	TIS株式会社
3532104192	3532104447	TIS株式会社
3532104448	3532104703	TIS株式会社
3532104704	3532104959	TIS株式会社
3532105216	3532105471	TIS株式会社
3532105472	3532105727	TIS株式会社
3532105600	3532105615	TIS株式会社
3532105728	3532105983	TIS株式会社
3532105984	3532106239	TIS株式会社
3532106496	3532106751	TIS株式会社
3532106752	3532107007	TIS株式会社
3532107520	3532107775	TIS株式会社
3532107776	3532109823	TIS株式会社
3532109056	3532109311	TIS株式会社
3532109312	3532109567	TIS株式会社
3532109312	3532109319	TIS株式会社
3532109440	3532109447	TIS株式会社
3532109824	3532111871	TIS株式会社
3539863264	3539863271	TIS株式会社
3540365232	3540365239	TIS株式会社
3540800384	3540800447	TIS株式会社
3660438208	3660438271	TIS株式会社
3660447360	3660447487	TIS株式会社
3673900848	3673900855	TIS株式会社
3673900872	3673900879	TIS株式会社
3682217056	3682217063	TIS株式会社
3682217696	3682217703	TIS株式会社
3682567296	3682567423	TIS株式会社
3682574336	3682574399	TIS株式会社
3682585960	3682585967	TIS株式会社
1744263168	1744264191	TOSEI株式会社
1744263168	1744263423	TOSEI株式会社
1744263424	1744263679	TOSEI株式会社
1744263680	1744263935	TOSEI株式会社
1744263936	1744264191	TOSEI株式会社
1728910336	1728911359	Ustream Asia 株式会社
1728910336	1728910591	Ustream Asia 株式会社
1728910592	1728910847	Ustream Asia 株式会社
1728910848	1728911103	Ustream Asia 株式会社
1728911104	1728911359	Ustream Asia 株式会社
1734690816	1734691839	WITH Networks有限会社
1734690816	1734691839	WITH Networks有限会社
3533479936	3533480191	WITH Networks有限会社
3533480192	3533480447	WITH Networks有限会社
3533480448	3533480703	WITH Networks有限会社
3533480704	3533480959	WITH Networks有限会社
3533480960	3533481215	WITH Networks有限会社
3533481216	3533481471	WITH Networks有限会社
3533481472	3533481727	WITH Networks有限会社
3533481728	3533481983	WITH Networks有限会社
3533481984	3533482239	WITH Networks有限会社
3533482240	3533482495	WITH Networks有限会社
3533482496	3533482751	WITH Networks有限会社
3533482752	3533483007	WITH Networks有限会社
3533483008	3533483263	WITH Networks有限会社
3533483264	3533483519	WITH Networks有限会社
3533483520	3533483775	WITH Networks有限会社
3533483776	3533484031	WITH Networks有限会社
3541000192	3541000447	e-まちタウン株式会社
3541000448	3541000703	e-まちタウン株式会社
3541000704	3541001215	e-まちタウン株式会社
3541001216	3541002239	e-まちタウン株式会社
3541002240	3541004287	e-まちタウン株式会社
1931431936	1931433983	あづみ野テレビ株式会社
1931431936	1931432191	あづみ野テレビ株式会社
1931432192	1931432447	あづみ野テレビ株式会社
1931432448	1931432703	あづみ野テレビ株式会社
1931432704	1931432959	あづみ野テレビ株式会社
1931432960	1931433215	あづみ野テレビ株式会社
1931433216	1931433471	あづみ野テレビ株式会社
1931433472	1931433727	あづみ野テレビ株式会社
1931433728	1931433983	あづみ野テレビ株式会社
3394514944	3394519039	あづみ野テレビ株式会社
3394514944	3394515199	あづみ野テレビ株式会社
3394514944	3394514959	あづみ野テレビ株式会社
3394514960	3394514975	あづみ野テレビ株式会社
3394514976	3394515007	あづみ野テレビ株式会社
3394515008	3394515023	あづみ野テレビ株式会社
3394515024	3394515031	あづみ野テレビ株式会社
3394515032	3394515039	あづみ野テレビ株式会社
3394515040	3394515043	あづみ野テレビ株式会社
3394515044	3394515047	あづみ野テレビ株式会社
3394515200	3394515455	あづみ野テレビ株式会社
3394515200	3394515231	あづみ野テレビ株式会社
3394515328	3394515359	あづみ野テレビ株式会社
3394515392	3394515399	あづみ野テレビ株式会社
3394515400	3394515403	あづみ野テレビ株式会社
3394515404	3394515407	あづみ野テレビ株式会社
3394515456	3394515711	あづみ野テレビ株式会社
3394515712	3394515967	あづみ野テレビ株式会社
3394515968	3394516223	あづみ野テレビ株式会社
3394516224	3394516479	あづみ野テレビ株式会社
3394516480	3394516735	あづみ野テレビ株式会社
3394516736	3394516991	あづみ野テレビ株式会社
3394516992	3394517247	あづみ野テレビ株式会社
3394517248	3394517503	あづみ野テレビ株式会社
3394517504	3394517759	あづみ野テレビ株式会社
3394517760	3394518015	あづみ野テレビ株式会社
3394518016	3394518271	あづみ野テレビ株式会社
3394518272	3394518527	あづみ野テレビ株式会社
3394518528	3394518783	あづみ野テレビ株式会社
3394518784	3394519039	あづみ野テレビ株式会社
3532019840	3532019871	あづみ野テレビ株式会社
3548373248	3548373503	あづみ野テレビ株式会社
2241155072	2241159167	ひまわりネットワーク株式会社
3540107264	3540108287	ひまわりネットワーク株式会社
3540108288	3540109311	ひまわりネットワーク株式会社
3540109312	3540111359	ひまわりネットワーク株式会社
3540109568	3540109583	ひまわりネットワーク株式会社
3540109920	3540109927	ひまわりネットワーク株式会社
3540110208	3540110335	ひまわりネットワーク株式会社
3540111360	3540112383	ひまわりネットワーク株式会社
3540112384	3540113407	ひまわりネットワーク株式会社
3540113408	3540115455	ひまわりネットワーク株式会社
3540113920	3540114175	ひまわりネットワーク株式会社
3540114176	3540114431	ひまわりネットワーク株式会社
3540114816	3540114831	ひまわりネットワーク株式会社
3715497984	3715563519	ひまわりネットワーク株式会社
459294720	459296767	ほくでん情報テクノロジー株式会社
459296768	459297791	ほくでん情報テクノロジー株式会社
1000238960	1000238967	ほくでん情報テクノロジー株式会社
1036299824	1036299831	ほくでん情報テクノロジー株式会社
1036390400	1036391423	ほくでん情報テクノロジー株式会社
1036390400	1036390655	ほくでん情報テクノロジー株式会社
1036390656	1036390911	ほくでん情報テクノロジー株式会社
1036390912	1036391167	ほくでん情報テクノロジー株式会社
1036391168	1036391423	ほくでん情報テクノロジー株式会社
1036391424	1036392447	ほくでん情報テクノロジー株式会社
1036391424	1036391679	ほくでん情報テクノロジー株式会社
1036391680	1036391935	ほくでん情報テクノロジー株式会社
1036391936	1036392191	ほくでん情報テクノロジー株式会社
1036392448	1036394495	ほくでん情報テクノロジー株式会社
1036392448	1036392703	ほくでん情報テクノロジー株式会社
1036392704	1036392959	ほくでん情報テクノロジー株式会社
1036392960	1036393215	ほくでん情報テクノロジー株式会社
1036393216	1036393471	ほくでん情報テクノロジー株式会社
1036393472	1036393727	ほくでん情報テクノロジー株式会社
1036393472	1036393487	ほくでん情報テクノロジー株式会社
1036393616	1036393631	ほくでん情報テクノロジー株式会社
1036393728	1036393983	ほくでん情報テクノロジー株式会社
1036393984	1036394239	ほくでん情報テクノロジー株式会社
1036394240	1036394495	ほくでん情報テクノロジー株式会社
1701723152	1701723159	ほくでん情報テクノロジー株式会社
3400605696	3400607743	ほくでん情報テクノロジー株式会社
3400605952	3400606207	ほくでん情報テクノロジー株式会社
3400606208	3400606463	ほくでん情報テクノロジー株式会社
3400606464	3400606719	ほくでん情報テクノロジー株式会社
3400606720	3400606975	ほくでん情報テクノロジー株式会社
3400607488	3400607743	ほくでん情報テクノロジー株式会社
3403433472	3403433983	ほくでん情報テクノロジー株式会社
3535788480	3535788487	ほくでん情報テクノロジー株式会社
3539897216	3539897279	ほくでん情報テクノロジー株式会社
3715126464	3715126479	ほくでん情報テクノロジー株式会社
3723870928	3723870935	ほくでん情報テクノロジー株式会社
3723885024	3723885031	ほくでん情報テクノロジー株式会社
1728770048	1728771071	ものみの塔聖書冊子協会
1728770048	1728771071	ものみの塔聖書冊子協会
2576760264	2576760271	ものみの塔聖書冊子協会
459550720	459554815	わたらせテレビ株式会社
459550720	459554815	わたらせテレビ株式会社
1730848768	1730849791	わたらせテレビ株式会社
1730848768	1730849791	わたらせテレビ株式会社
1981542400	1981546495	わたらせテレビ株式会社
3394027520	3394035711	わたらせテレビ株式会社
3394027520	3394035711	わたらせテレビ株式会社
3680784384	3680785407	わたらせテレビ株式会社
3680784384	3680785407	わたらせテレビ株式会社
3533430784	3533431807	アイコムティ株式会社
3533430784	3533431039	アイコムティ株式会社
3533431552	3533431807	アイコムティ株式会社
3533431808	3533432831	アイコムティ株式会社
3533431808	3533432063	アイコムティ株式会社
3533432064	3533432191	アイコムティ株式会社
3533432192	3533432319	アイコムティ株式会社
3533432320	3533432575	アイコムティ株式会社
3533434880	3533438975	アイコムティ株式会社
3533434880	3533438975	アイコムティ株式会社
1036302936	1036302943	イクストライド株式会社
1036302944	1036302951	イクストライド株式会社
1036302960	1036302967	イクストライド株式会社
1734561792	1734562815	イクストライド株式会社
1734561792	1734562047	イクストライド株式会社
1734562048	1734562303	イクストライド株式会社
1734562304	1734562559	イクストライド株式会社
1734562560	1734562815	イクストライド株式会社
1923089904	1923089919	イクストライド株式会社
1923099200	1923099215	イクストライド株式会社
1923099216	1923099223	イクストライド株式会社
2865231360	2865231615	イクストライド株式会社
2865231360	2865231615	イクストライド株式会社
2891370496	2891374591	イクストライド株式会社
2891370496	2891370751	イクストライド株式会社
2891370752	2891371007	イクストライド株式会社
2891371008	2891371263	イクストライド株式会社
2891371264	2891371519	イクストライド株式会社
2891371520	2891371775	イクストライド株式会社
2891371776	2891372031	イクストライド株式会社
2891372032	2891372287	イクストライド株式会社
2891372288	2891372543	イクストライド株式会社
2891372544	2891372799	イクストライド株式会社
2891372800	2891373055	イクストライド株式会社
3535697856	3535697919	イクストライド株式会社
3680812032	3680813055	イクストライド株式会社
3680812032	3680812287	イクストライド株式会社
3680812288	3680812543	イクストライド株式会社
3680812544	3680812799	イクストライド株式会社
3680812800	3680813055	イクストライド株式会社
3681935960	3681935967	イクストライド株式会社
3682582528	3682582783	イクストライド株式会社
3682596864	3682596927	イクストライド株式会社
